Username,Class participation Points Grade <Numeric MaxPoints:10 Weight:10>,Midterm Exam Points Grade <Numeric MaxPoints:100 Weight:30>,Final Exam Points Grade <Numeric MaxPoints:100 Weight:40>,Module 1 Python Points Grade <Numeric MaxPoints:1.25 Weight:6.25 Category:Python exercises CategoryWeight:20>,Module 2 Python Points Grade <Numeric MaxPoints:1.25 Weight:6.25 Category:Python exercises CategoryWeight:20>,Module 3 Python Points Grade <Numeric MaxPoints:1.25 Weight:6.25 Category:Python exercises CategoryWeight:20>,Module 4 Python Points Grade <Numeric MaxPoints:1.25 Weight:6.25 Category:Python exercises CategoryWeight:20>,Module 5 Python Points Grade <Numeric MaxPoints:1.25 Weight:6.25 Category:Python exercises CategoryWeight:20>,Module 6 Python Points Grade <Numeric MaxPoints:1.25 Weight:6.25 Category:Python exercises CategoryWeight:20>,Module 7 Python Points Grade <Numeric MaxPoints:1.25 Weight:6.25 Category:Python exercises CategoryWeight:20>,Module 8 Python Points Grade <Numeric MaxPoints:5 Weight:25 Category:Python exercises CategoryWeight:20>,Module 9 Python Points Grade <Numeric MaxPoints:5 Weight:25 Category:Python exercises CategoryWeight:20>,Module 10 Python Points Grade <Numeric MaxPoints:1.25 Weight:6.25 Category:Python exercises CategoryWeight:20>,Python exercises Subtotal Numerator,Python exercises Subtotal Denominator,Calculated Final Grade Numerator,Calculated Final Grade Denominator,Adjusted Final Grade Numerator,Adjusted Final Grade Denominator,End-of-Line Indicator
#150804.teststudent1,,,,,,,,,,,,,,0,20,0,100,,,#
#150804.teststudent2,,,,,,,,,,,,,,0,20,0,100,,,#
#a32li,,,,,,,,,,,,,,0,20,0,100,,,#
#a369wang,,,,,,,,,,,,,,0,20,0,100,,,#
#a3sasith,,,,,,,,,,,,,,0,20,0,100,,,#
#a4parent,,,,,,,,,,,,,,0,20,0,100,,,#
#a77xu,,,,,,,,,,,,,,0,20,0,100,,,#
#a7sun,,,,,,,,,,,,,,0,20,0,100,,,#
#alharina,,,,,,,,,,,,,,0,20,0,100,,,#
#am2dave,,,,,,,,,,,,,,0,20,0,100,,,#
#amirzaei,,,,,,,,,,,,,,0,20,0,100,,,#
#asmetani,,,,,,,,,,,,,,0,20,0,100,,,#
#avataliy,,,,,,,,,,,,,,0,20,0,100,,,#
#ayzheng,,,,,,,,,,,,,,0,20,0,100,,,#
#b29li,,,,,,,,,,,,,,0,20,0,100,,,#
#bdindyal,,,,,,,,,,,,,,0,20,0,100,,,#
#bliang,,,,,,,,,,,,,,0,20,0,100,,,#
#c27zhang,,,,,,,,,,,,,,0,20,0,100,,,#
#c38chen,,,,,,,,,,,,,,0,20,0,100,,,#
#dmakul,,,,,,,,,,,,,,0,20,0,100,,,#
#e6wang,,,,,,,,,,,,,,0,20,0,100,,,#
#fkxie,,,,,,,,,,,,,,0,20,0,100,,,#
#GZHANGHO,,,,,,,,,,,,,,0,20,0,100,,,#
#h48wang,,,,,,,,,,,,,,0,20,0,100,,,#
#h5hong,,,,,,,,,,,,,,0,20,0,100,,,#
#h6hassan,,,,,,,,,,,,,,0,20,0,100,,,#
#i4ullah,,,,,,,,,,,,,,0,20,0,100,,,#
#i5bansal,,,,,,,,,,,,,,0,20,0,100,,,#
#i8zhao,,,,,,,,,,,,,,0,20,0,100,,,#
#j262cao,,,,,,,,,,,,,,0,20,0,100,,,#
#j3hyeon,,,,,,,,,,,,,,0,20,0,100,,,#
#j4zeng,,,,,,,,,,,,,,0,20,0,100,,,#
#j79chen,,,,,,,,,,,,,,0,20,0,100,,,#
#j8hong,,,,,,,,,,,,,,0,20,0,100,,,#
#jjchen,,,,,,,,,,,,,,0,20,0,100,,,#
#jren,,,,,,,,,,,,,,0,20,0,100,,,#
#jrljuben,,,,,,,,,,,,,,0,20,0,100,,,#
#k36wang,,,,,,,,,,,,,,0,20,0,100,,,#
#k373chen,,,,,,,,,,,,,,0,20,0,100,,,#
#kkmkwong,,,,,,,,,,,,,,0,20,0,100,,,#
#l36su,,,,,,,,,,,,,,0,20,0,100,,,#
#l73li,,,,,,,,,,,,,,0,20,0,100,,,#
#l84li,,,,,,,,,,,,,,0,20,0,100,,,#
#lzaharia,,,,,,,,,,,,,,0,20,0,100,,,#
#m44li,,,,,,,,,,,,,,0,20,0,100,,,#
#m4luong,,,,,,,,,,,,,,0,20,0,100,,,#
#m9cheng,,,,,,,,,,,,,,0,20,0,100,,,#
#m9yang,,,,,,,,,,,,,,0,20,0,100,,,#
#mbutt,,,,,,,,,,,,,,0,20,0,100,,,#
#mkjshen,,,,,,,,,,,,,,0,20,0,100,,,#
#n4chu,,,,,,,,,,,,,,0,20,0,100,,,#
#ndsouza,,,,,,,,,,,,,,0,20,0,100,,,#
#owyan,,,,,,,,,,,,,,0,20,0,100,,,#
#pbalakri,,,,,,,,,,,,,,0,20,0,100,,,#
#pcampose,,,,,,,,,,,,,,0,20,0,100,,,#
#r2anjum,,,,,,,,,,,,,,0,20,0,100,,,#
#r3mercha,,,,,,,,,,,,,,0,20,0,100,,,#
#r4mercha,,,,,,,,,,,,,,0,20,0,100,,,#
#r4sha,,,,,,,,,,,,,,0,20,0,100,,,#
#r67zhang,,,,,,,,,,,,,,0,20,0,100,,,#
#rydu,,,,,,,,,,,,,,0,20,0,100,,,#
#s4suthak,,,,,,,,,,,,,,0,20,0,100,,,#
#s5feng,,,,,,,,,,,,,,0,20,0,100,,,#
#s9shahza,,,,,,,,,,,,,,0,20,0,100,,,#
#tshebers,,,,,,,,,,,,,,0,20,0,100,,,#
#vhjnan,,,,,,,,,,,,,,0,20,0,100,,,#
#x38liu,,,,,,,,,,,,,,0,20,0,100,,,#
#y323wang,,,,,,,,,,,,,,0,20,0,100,,,#
#y49yang,,,,,,,,,,,,,,0,20,0,100,,,#
